-- ============================================================
-- НАПОЛНЕНИЕ ДАННЫМИ
-- ============================================================

-- 1. Абоненты
INSERT INTO subscribers (last_name, first_name, middle_name, passport, birth_date, phone_contact, email) VALUES
('Иванов', 'Дмитрий', 'Сергеевич', '4501 123456', '1995-03-12', '+79991234567', 'ivanov.d@mail.ru'),
('Смирнова', 'Анна', 'Петровна', '4502 234567', '1998-07-22', '+79992345678', 'smirnova.a@mail.ru'),
('Кузнецов', 'Артём', 'Олегович', '4503 345678', '1990-11-05', '+79993456789', 'kuznetsov.a@mail.ru'),
('Васильева', 'Ольга', 'Игоревна', '4504 456789', '2000-01-30', '+79994567890', 'vasileva.o@mail.ru'),
('Морозов', 'Игорь', 'Викторович', '4505 567890', '1985-09-14', '+79995678901', NULL),
('Соколова', 'Елена', 'Андреевна', '4506 678901', '1993-05-18', '+79996789012', 'sokolova.e@mail.ru');

-- 2. Тарифные планы (с иерархией: "Безлимитище 2.0" наследуется от "Безлимитище")
INSERT INTO tariff_plans (parent_tariff_id, name, monthly_fee, included_minutes, included_sms, included_gb, price_per_minute, price_per_sms, price_per_gb) VALUES
(NULL, 'Базовый', 300.00, 200, 50, 5, 2.50, 1.50, 50.00),
(NULL, 'Безлимитище', 700.00, 1000, 200, 20, 2.00, 1.00, 40.00),
(2,    'Безлимитище 2.0', 900.00, 1500, 300, 30, 1.80, 0.90, 35.00),
(NULL, 'Студенческий', 250.00, 300, 100, 10, 1.50, 0.80, 30.00);

-- 3. Услуги
INSERT INTO services (name, description, monthly_price, service_type) VALUES
('Безлимит на соцсети', 'Трафик в соцсетях не списывается с пакета', 150.00, 'social_unlimited'),
('Переадресация вызовов', 'Перевод входящих звонков на другой номер', 50.00, 'forwarding'),
('Пакет роуминга Европа', 'Сниженные тарифы в роуминге по Европе', 300.00, 'roaming'),
('Подписка на контент', 'Доступ к музыкальному сервису-партнёру', 199.00, 'content');

-- 4. Зоны роуминга
INSERT INTO roaming_zones (zone_name, country_group, minute_multiplier, sms_multiplier, gb_multiplier) VALUES
('Домашний регион', 'Россия', 1.00, 1.00, 1.00),
('Европа', 'ЕС', 3.50, 2.00, 4.00),
('СНГ', 'СНГ', 2.00, 1.50, 2.50),
('Дальнее зарубежье', 'Остальной мир', 5.00, 3.00, 6.00);

-- 5. Договоры
INSERT INTO contracts (subscriber_id, tariff_id, phone_number, connection_date, status, balance, credit_limit) VALUES
(1, 3, '+79161234567', '2024-02-10', 'active', 450.00, 500.00),
(2, 2, '+79162345678', '2024-05-15', 'active', 120.00, 300.00),
(3, 1, '+79163456789', '2023-11-01', 'active', -50.00, 200.00),
(4, 4, '+79164567890', '2025-01-20', 'active', 80.00, 100.00),
(5, 1, '+79165678901', '2022-08-08', 'suspended', -250.00, 200.00),
(6, 3, '+79166789012', '2024-09-30', 'active', 600.00, 500.00);

-- 6. Подключённые услуги
INSERT INTO contract_services (contract_id, service_id, activated_at) VALUES
(1, 1, '2024-02-15'),
(1, 3, '2026-04-01'),
(2, 2, '2024-06-01'),
(3, 1, '2023-11-05'),
(6, 4, '2024-10-01'),
(6, 1, '2024-10-01');

-- 7. CDR — звонки/SMS/интернет за апрель-июнь 2026
INSERT INTO cdr (contract_id, record_type, zone_id, started_at, duration_seconds, data_volume_mb, cost) VALUES
(1, 'call', 1, '2026-04-03 10:15:00', 320, NULL, 0),
(1, 'data', 1, '2026-04-05 14:00:00', NULL, 2048.00, 0),
(1, 'call', 2, '2026-04-12 09:30:00', 600, NULL, 35.00),
(2, 'call', 1, '2026-04-07 18:45:00', 1200, NULL, 40.00),
(2, 'sms', 1, '2026-04-08 12:00:00', NULL, NULL, 0),
(3, 'call', 1, '2026-04-15 20:10:00', 2400, NULL, 90.00),
(3, 'data', 1, '2026-04-20 08:00:00', NULL, 8192.00, 150.00),
(4, 'call', 1, '2026-04-22 11:25:00', 180, NULL, 0),
(6, 'call', 3, '2026-04-25 16:40:00', 900, NULL, 60.00),

(1, 'call', 1, '2026-05-02 09:00:00', 450, NULL, 0),
(1, 'sms', 1, '2026-05-03 10:00:00', NULL, NULL, 0),
(2, 'data', 1, '2026-05-10 13:30:00', NULL, 5120.00, 80.00),
(2, 'call', 1, '2026-05-14 19:00:00', 1500, NULL, 50.00),
(3, 'call', 1, '2026-05-18 21:00:00', 3000, NULL, 120.00),
(4, 'sms', 1, '2026-05-19 12:00:00', NULL, NULL, 0),
(6, 'call', 1, '2026-05-21 15:15:00', 700, NULL, 0),
(6, 'data', 4, '2026-05-25 17:00:00', NULL, 1024.00, 240.00),

(1, 'call', 1, '2026-06-01 08:30:00', 200, NULL, 0),
(1, 'call', 2, '2026-06-04 14:20:00', 800, NULL, 47.00),
(2, 'call', 1, '2026-06-06 16:00:00', 1100, NULL, 20.00),
(2, 'sms', 1, '2026-06-07 09:45:00', NULL, NULL, 0),
(3, 'data', 1, '2026-06-10 11:00:00', NULL, 4096.00, 70.00),
(4, 'call', 1, '2026-06-12 13:00:00', 150, NULL, 0),
(6, 'call', 1, '2026-06-15 18:30:00', 500, NULL, 0),
(6, 'sms', 1, '2026-06-16 10:00:00', NULL, NULL, 0);

-- 8. Счета
INSERT INTO invoices (contract_id, period_start, period_end, total_amount, status, due_date) VALUES
(1, '2026-04-01', '2026-04-30', 935.00, 'paid', '2026-05-15'),
(2, '2026-04-01', '2026-04-30', 740.00, 'paid', '2026-05-15'),
(3, '2026-04-01', '2026-04-30', 540.00, 'overdue', '2026-05-15'),
(4, '2026-04-01', '2026-04-30', 250.00, 'paid', '2026-05-15'),
(6, '2026-04-01', '2026-04-30', 1159.00, 'paid', '2026-05-15'),
(1, '2026-05-01', '2026-05-31', 950.00, 'paid', '2026-06-15'),
(2, '2026-05-01', '2026-05-31', 880.00, 'issued', '2026-06-15'),
(3, '2026-05-01', '2026-05-31', 660.00, 'overdue', '2026-06-15');

-- 9. Детализация счетов (пример для нескольких счетов)
INSERT INTO invoice_items (invoice_id, item_type, description, amount) VALUES
(1, 'subscription_fee', 'Абонентская плата «Безлимитище 2.0»', 900.00),
(1, 'roaming', 'Роуминг: звонки в зоне «Европа»', 35.00),
(2, 'subscription_fee', 'Абонентская плата «Безлимитище»', 700.00),
(2, 'overage_minutes', 'Минуты сверх пакета', 40.00),
(3, 'subscription_fee', 'Абонентская плата «Базовый»', 300.00),
(3, 'overage_minutes', 'Минуты сверх пакета', 90.00),
(3, 'overage_data', 'Интернет сверх пакета', 150.00),
(4, 'subscription_fee', 'Абонентская плата «Студенческий»', 250.00),
(5, 'subscription_fee', 'Абонентская плата «Безлимитище 2.0»', 900.00),
(5, 'overage_data', 'Интернет сверх пакета (роуминг)', 240.00),
(5, 'service_fee', 'Подписка на контент', 19.00);

-- 10. Платежи
INSERT INTO payments (invoice_id, contract_id, amount, payment_method, paid_at) VALUES
(1, 1, 935.00, 'auto_debit', '2026-05-10 09:00:00'),
(2, 2, 740.00, 'card', '2026-05-12 10:30:00'),
(4, 4, 250.00, 'online', '2026-05-14 11:00:00'),
(5, 6, 1159.00, 'auto_debit', '2026-05-09 08:00:00'),
(6, 1, 950.00, 'card', '2026-06-12 14:00:00');

-- 11. История изменений баланса
INSERT INTO balance_transactions (contract_id, transaction_type, amount, balance_after, related_payment_id) VALUES
(1, 'top_up', 935.00, 935.00, 1),
(1, 'charge', -935.00, 0.00, NULL),
(1, 'top_up', 450.00, 450.00, NULL),
(2, 'top_up', 740.00, 740.00, 2),
(2, 'charge', -620.00, 120.00, NULL),
(3, 'charge', -540.00, -50.00, NULL),
(6, 'top_up', 1159.00, 1159.00, 4),
(6, 'charge', -559.00, 600.00, NULL);
